article_id,dataset_id,type
10.1002_2017jc013030,https://doi.org/10.17882/49388,Primary
10.1002_anie.201916483,https://doi.org/10.5517/ccdc.csd.cc1npvt0,Missing
10.1002_anie.202005531,https://doi.org/10.5517/ccdc.csd.cc24wxqp,Missing
10.1002_anie.202007717,https://doi.org/10.5517/ccdc.csd.cc24rrb0,Missing
10.1002_chem.201902131,https://doi.org/10.5517/ccdc.csd.cc221dk3,Missing
10.1002_chem.201903120,https://doi.org/10.5517/ccdc.csd.cc22c4yk,Missing
10.1002_chem.202000235,https://doi.org/10.5517/ccdc.csd.cc24cjxz,Missing
10.1002_chem.202001412,https://doi.org/10.5517/ccdc.csd.cc24nsk5,Missing
10.1002_chem.202001412,https://doi.org/10.5517/ccdc.csd.cc24nsqb,Missing
10.1002_chem.202001668,https://doi.org/10.5517/ccdc.csd.cc24d93z,Missing
10.1002_chem.202003167,https://doi.org/10.5517/ccdc.csd.cc250wsw,Missing
10.1002_ece3.3985,https://doi.org/10.5061/dryad.pj5sf05,Missing
10.1002_ece3.4466,https://doi.org/10.5061/dryad.r6nq870,Primary
10.1002_ece3.5260,https://doi.org/10.5061/dryad.2f62927,Primary
10.1002_ece3.5395,https://doi.org/10.5441/001/1.4192t2j4/1,Missing
10.1002_ece3.6144,https://doi.org/10.5061/dryad.zw3r22854,Primary
10.1002_ece3.6303,https://doi.org/10.5061/dryad.37pvmcvgb,Primary
10.1002_ece3.6784,https://doi.org/10.25592/uhhfdm.1152,Missing
10.1002_ece3.6784,https://doi.org/10.25592/uhhfdm.1173,Missing
10.1002_ece3.6784,https://doi.org/10.25592/uhhfdm.1241,Missing
10.1002_ece3.6784,https://doi.org/10.25592/uhhfdm.1265,Missing
10.1002_ece3.961,https://doi.org/10.5061/dryad.gk23s,Missing
10.1002_ece3.9627,https://doi.org/10.5061/dryad.b8gtht7h3,Primary
10.1002_ecs2.1280,https://doi.org/10.5061/dryad.p3fg9,Primary
10.1002_ecs2.4619,https://doi.org/10.25349/d9qw5x,Primary
10.1002_ejic.201900904,https://doi.org/10.5517/ccdc.csd.cc23c7c3,Missing
10.1002_ejoc.202000139,https://doi.org/10.5517/ccdc.csd.cc23hvgy,Missing
10.1002_ejoc.202000916,https://doi.org/10.5517/ccdc.csd.cc25k3ql,Missing
10.1002_esp.5058,https://doi.org/10.5061/dryad.jh9w0vt9t,Primary
10.1002_esp.5090,https://doi.org/10.5066/p9353101,Secondary
10.1002_mp.14424,https://doi.org/10.7937/k9/tcia.2015.pf0m9rei,Secondary
10.1002_mp.14424,https://doi.org/10.7937/tcia.2020.6c7y-gq39,Primary
10.1002_nafm.10870,https://doi.org/10.5066/p9gtumay,Primary
10.1007_jhep07(2018)134,https://doi.org/10.17182/hepdata.82210.v1/t12,Missing
10.1007_jhep07(2018)134,https://doi.org/10.17182/hepdata.82210.v1/t13,Missing
10.1007_jhep11(2018)113,https://doi.org/10.17182/hepdata.83912.v1/t12,Missing
10.1007_jhep11(2018)113,https://doi.org/10.17182/hepdata.83912.v1/t5,Missing
10.1007_jhep11(2018)115,https://doi.org/10.17182/hepdata.87251.v1/t1,Missing
10.1007_jhep12(2018)117,https://doi.org/10.17182/hepdata.86517.v1/t3,Missing
10.1007_s00259-022-06053-8,https://doi.org/10.7937/k9/tcia.2017.7hs46erv,Secondary
10.1007_s00259-022-06053-8,https://doi.org/10.7937/tcia.2019.30ilqfcl,Secondary
10.1007_s00382-012-1636-1,https://doi.org/10.1594/wdcc/cmip5.ipilr8,Missing
10.1007_s00382-022-06361-7,https://doi.org/10.6075/j0154fjj,Primary
10.1007_s00382-022-06361-7,https://doi.org/10.6075/j089161b,Primary
10.1007_s00442-022-05201-z,https://doi.org/10.5061/dryad.wpzgmsbps,Primary
10.1007_s10904-014-0054-8,https://doi.org/10.5517/cc11vyg9,Missing
10.1007_s12263-014-0408-4,https://doi.org/10.6084/m9.figshare.c.3627146_d3,Missing
10.1007_s12559-020-09751-3,https://doi.org/10.7937/k9/tcia.2015.u1x8a5nr,Secondary
10.1016_j.ast.2022.107401,https://doi.org/10.17862/cranfield.rd.19146182,Primary
10.1016_j.ast.2022.107401,https://doi.org/10.17862/cranfield.rd.19146182.v1,Primary
10.1016_j.cpc.2024.109087,https://doi.org/10.17632/9gr6pxhfjm,Primary
10.1016_j.dib.2022.108797,https://doi.org/10.1594/pangaea.949117,Primary
10.1016_j.dib.2023.109949,https://doi.org/10.5281/zenodo.8338991,Primary
10.1016_j.ecolind.2021.107934,https://doi.org/10.6073/pasta/be42bb841e696b7bcad9957aed33db5e,Secondary
10.1016_j.fuel.2022.125768,https://doi.org/10.11583/dtu.20555586,Primary
10.1016_j.fuel.2022.125768,https://doi.org/10.11583/dtu.20555586.v3,Primary
10.1016_j.jlp.2022.104761,https://doi.org/10.23642/usn.15134442,Primary
10.1016_j.jlp.2022.104761,https://doi.org/10.23642/usn.15134442.v1,Primary
10.1016_j.jobe.2023.107105,https://doi.org/10.5281/zenodo.8014149,Primary
10.1016_j.jobe.2023.107105,https://doi.org/10.5281/zenodo.8014150,Primary
10.1016_j.jsames.2022.103824,https://doi.org/10.5066/f7k072r7,Primary
10.1016_j.molcel.2018.11.006,https://doi.org/10.17632/jb4jjxsbb7.1,Primary
10.1016_j.molcel.2018.11.006,https://doi.org/10.17632/xtb4mkvf8f.1,Primary
10.1016_j.scitotenv.2024.171850,https://doi.org/10.17863/cam.107163,Primary
10.1016_j.websem.2024.100815,https://doi.org/10.17863/cam.82548,Primary
10.1017_rdc.2022.19,https://doi.org/10.11588/data/10100,Secondary
10.1017_s0007123423000601,https://doi.org/10.7910/dvn/fwckse,Primary
10.1021_acs.jcim.9b01185,https://doi.org/10.5281/zenodo.3667633,Primary
10.1021_acscentsci.1c01109,https://doi.org/10.21942/uva.17040392,Primary
10.1021_acsomega.3c06074,5VA1,Secondary
10.1021_acsomega.3c06074,CHEMBL1097,Secondary
10.1021_acsomega.3c06074,CHEMBL1257578,Secondary
10.1021_acsomega.3c06074,CHEMBL1257821,Secondary
10.1021_acsomega.3c06074,CHEMBL1782574,Secondary
10.1021_acsomega.3c06074,CHEMBL195180,Secondary
10.1021_acsomega.3c06074,CHEMBL2424928,Secondary
10.1021_acsomega.3c06074,CHEMBL3422978,Secondary
10.1021_acsomega.3c06074,CHEMBL390649,Secondary
10.1021_acsomega.3c06074,CHEMBL572163,Secondary
10.1021_acsomega.3c06074,CHEMBL70,Secondary
10.1021_jacs.2c06519,https://doi.org/10.25377/sussex.21184705,Primary
10.1021_jacs.2c06519,https://doi.org/10.25377/sussex.21184705.v1,Primary
10.1029_2018gl078007,https://doi.org/10.5061/dryad.886pr72,Primary
10.1029_2019jg005297,https://doi.org/10.5061/dryad.pp045j3,Primary
10.1029_2019jg005297,https://doi.org/10.5066/f78s4n1v,Secondary
10.1029_2019pa003774,https://doi.org/10.3334/cdiac/otg.ndp093_glodapv2,Secondary
10.1029_2020jf005675,https://doi.org/10.5066/p9bu8faq,Primary
10.1029_2021ea001703,https://doi.org/10.13020/jjdx-1m95,Secondary
10.1029_2021gl096173,https://doi.org/10.25326/09,Secondary
10.1029_2021pa004379,https://doi.org/10.25921/dt5g-my32,Primary
10.1029_2022gl100473,https://doi.org/10.5281/zenodo.6886498,Primary
10.1029_2023ea002840,https://doi.org/10.1594/pangaea.964081,Primary
10.1029_2023ea002840,https://doi.org/10.1594/pangaea.964085,Primary
10.1029_2023wr035126,https://doi.org/10.6073/pasta/bb935444378d112d9189556fd22a441d,Secondary
10.1038_hdy.2013.74,https://doi.org/10.5061/dryad.75030,Primary
10.1038_hdy.2014.75,https://doi.org/10.5061/dryad.1p80f,Primary
10.1038_hdy.2015.99,https://doi.org/10.5061/dryad.f47f6,Primary
10.1038_ncomms11871,https://doi.org/10.5517/ccdc.csd.cc1kfgt8,Missing
10.1038_s41396-020-00885-8,IPR000884,Secondary
10.1038_s41396-020-00885-8,IPR001124,Secondary
10.1038_s41396-020-00885-8,IPR001577,Secondary
10.1038_s41396-020-00885-8,IPR002477,Secondary
10.1038_s41396-020-00885-8,IPR002889,Secondary
10.1038_s41396-020-00885-8,IPR004007,Secondary
10.1038_s41396-020-00885-8,IPR004302,Secondary
10.1038_s41396-020-00885-8,IPR004785,Secondary
10.1038_s41396-020-00885-8,IPR004911,Secondary
10.1038_s41396-020-00885-8,IPR004963,Secondary
10.1038_s41396-020-00885-8,IPR004981,Secondary
10.1038_s41396-020-00885-8,IPR005524,Secondary
10.1038_s41396-020-00885-8,IPR006201,Secondary
10.1038_s41396-020-00885-8,IPR008139,Secondary
10.1038_s41396-020-00885-8,IPR009613,Secondary
10.1038_s41396-020-00885-8,IPR011040,Secondary
10.1038_s41396-020-00885-8,IPR011124,Secondary
10.1038_s41396-020-00885-8,IPR012338,Secondary
10.1038_s41396-020-00885-8,IPR016201,Secondary
10.1038_s41396-020-00885-8,IPR017920,Secondary
10.1038_s41396-020-00885-8,IPR021345,Secondary
10.1038_s41396-020-00885-8,IPR028730,Secondary
10.1038_s41396-020-00885-8,IPR029723,Secondary
10.1038_s41396-020-00885-8,IPR029787,Secondary
10.1038_s41396-020-00885-8,IPR033396,Secondary
10.1038_s41396-020-00885-8,IPR036452,Secondary
10.1038_s41396-020-00885-8,PF00348,Secondary
10.1038_s41396-020-00885-8,PF00484,Secondary
10.1038_s41396-020-00885-8,PF01493,Secondary
10.1038_s41396-020-00885-8,PF05834,Secondary
10.1038_s41396-020-00885-8,PF15461,Secondary
10.1038_s41437-020-0318-8,https://doi.org/10.5061/dryad.rxwdbrv58,Primary
10.1038_s41467-018-04041-x,https://doi.org/10.1594/pangaea.876062,Primary
10.1038_s41467-018-07681-1,https://doi.org/10.5281/zenodo.1472499,Primary
10.1038_s41467-018-07681-1,https://doi.org/10.5281/zenodo.1472500,Primary
10.1038_s41467-019-10357-z,https://doi.org/10.5517/ccdc.csd.cc211www,Missing
10.1038_s41558-022-01301-z,https://doi.org/10.5281/zenodo.5889575,Primary
10.1038_s41562-021-01247-w,https://doi.org/10.34973/983b-a047,Primary
10.1038_s41597-019-0101-y,GSE130386,Primary
10.1038_s41597-019-0101-y,SRP184152,Primary
10.1038_s41597-022-01555-4,https://doi.org/10.7937/k9/tcia.2016.hdhpgjlk,Secondary
10.1038_s41597-022-01555-4,https://doi.org/10.7937/q1ee-j082,Secondary
10.1038_s41597-022-01555-4,https://doi.org/10.7937/tcia.e3sv-re93,Secondary
10.1038_s41597-022-01555-4,https://doi.org/10.7937/tcia.xc7a-qt20,Primary
10.1038_s41597-023-02280-2,EMPIAR-10005,Secondary
10.1038_s41597-023-02280-2,EMPIAR-10017,Secondary
10.1038_s41597-023-02280-2,EMPIAR-10028,Secondary
10.1038_s41597-023-02280-2,EMPIAR-10081,Secondary
10.1038_s41597-023-02280-2,EMPIAR-10093,Secondary
10.1038_s41597-023-02280-2,EMPIAR-10345,Secondary
10.1038_s41597-023-02280-2,EMPIAR-10387,Secondary
10.1038_s41597-023-02280-2,EMPIAR-10406,Secondary
10.1038_s41597-023-02280-2,EMPIAR-10532,Secondary
10.1038_s41597-023-02280-2,EMPIAR-10590,Secondary
10.1038_s41597-023-02280-2,EMPIAR-10852,Secondary
10.1038_s41597-023-02280-2,EMPIAR-11057,Secondary
10.1038_s41598-017-15852-1,https://doi.org/10.5517/ccdc.csd.cc1pvww9,Missing
10.1038_s41598-020-59839-x,ENSBTAG00000011038,Secondary
10.1038_s41598-020-59839-x,ENSBTAG00000013718,Secondary
10.1038_s41598-020-59839-x,ENSBTAG00000017121,Secondary
10.1038_s41598-020-59839-x,ENSBTAG00000017131,Secondary
10.1038_s41598-020-59839-x,ENSBTAG00000021275,Secondary
10.1038_s41598-020-59839-x,ENSBTAG00000047833,Secondary
10.1038_s41598-020-59839-x,ENSOARG00000003950,Secondary
10.1038_s41598-020-59839-x,ENSOARG00000012128,Secondary
10.1038_s41598-020-59839-x,ENSOARG00000012835,Secondary
10.1038_s41598-020-59839-x,ENSOARG00000013782,Secondary
10.1038_s41598-020-59839-x,ENSOARG00000013966,Secondary
10.1038_s41598-020-59839-x,ENSOARG00000014129,Secondary
10.1038_s41598-020-59839-x,IPR000264,Secondary
10.1038_s41598-020-59839-x,IPR002172,Secondary
10.1038_s41598-020-59839-x,IPR014760,Secondary
10.1038_s41598-020-59839-x,IPR020857,Secondary
10.1038_s41598-020-59839-x,IPR020858,Secondary
10.1038_s41598-020-59839-x,IPR021177,Secondary
10.1038_s41598-020-59839-x,IPR023415,Secondary
10.1038_s41598-020-59839-x,NM_001078656,Secondary
10.1038_s41598-021-85671-y,https://doi.org/10.7937/k9/tcia.2017.8oje5q00,Secondary
10.1038_s41598-021-85671-y,https://doi.org/10.7937/tcia.2019.8dho2gls,Secondary
10.1038_s41598-021-85671-y,https://doi.org/10.7937/tcia.2019.8kap372n,Secondary
10.1038_s41598-024-56373-y,BX119912,Secondary
10.1038_s41598-024-56373-y,CP001848,Secondary
10.1038_s41598-024-56373-y,CP130886,Secondary
10.1038_s41598-024-56373-y,STH00996,Secondary
10.1038_s41893-020-0559-9,https://doi.org/10.5061/dryad.ns1rn8pnt,Primary
10.1038_sdata.2017.167,https://doi.org/10.5061/dryad.sm847,Primary
10.1039_c5sc01309g,https://doi.org/10.5517/cc145csg,Missing
10.1039_c9ce01020c,https://doi.org/10.5517/ccdc.csd.cc22y8lx,Missing
10.1039_c9ra06638a,https://doi.org/10.5517/ccdc.csd.cc21zvws,Missing
10.1039_c9sc02930c,https://doi.org/10.5517/ccdc.csd.cc22jx5q,Missing
10.1039_d0dt02130j,https://doi.org/10.5517/ccdc.csd.cc2476h3,Missing
10.1039_d0gc00363h,https://doi.org/10.5517/ccdc.csd.cc242vsw,Missing
10.1039_d0sc01197e,https://doi.org/10.5517/ccdc.csd.cc24pflw,Missing
10.1039_d0sc01518k,https://doi.org/10.5517/ccdc.csd.cc247jsq,Missing
10.1039_d0sc02283g,https://doi.org/10.5517/ccdc.csd.cc2516fw,Missing
10.1039_d0sc02676j,https://doi.org/10.5517/ccdc.csd.cc20l4md,Missing
10.1039_d0sc03604h,https://doi.org/10.5517/ccdc.csd.cc25jnv7,Missing
10.1039_d1ee03696c,https://doi.org/10.3334/cdiac/00001_v2017,Secondary
10.1039_d2cc00847e,https://doi.org/10.5281/zenodo.6010341,Primary
10.1039_d2cc00847e,https://doi.org/10.5281/zenodo.6010342,Primary
10.1051_e3sconf_202017220004,https://doi.org/10.11583/dtu.19300001,Missing
10.1055_s-0039-1693681,https://doi.org/10.6084/m9.figshare.9697229,Missing
10.1073_pnas.1323607111,https://doi.org/10.5061/dryad.v2t58,Primary
10.1073_pnas.1705601114,https://doi.org/10.5061/dryad.7248c,Primary
10.1073_pnas.1711872115,https://doi.org/10.5281/zenodo.1135371,Primary
10.1073_pnas.1711872115,https://doi.org/10.5281/zenodo.1135372,Primary
10.1073_pnas.1915395117,https://doi.org/10.6073/pasta/1a5760c3146c574c98db854ad6d3addc,Primary
10.1073_pnas.1915395117,https://doi.org/10.6073/pasta/57108aaeede00e77cac110bc5366a92b,Primary
10.1073_pnas.1915395117,https://doi.org/10.6073/pasta/721fdcde85b630d1b4548b677d9b1d86,Primary
10.1073_pnas.2306723120,https://doi.org/10.15468/dl.a2a348,Primary
10.1073_pnas.2306723120,https://doi.org/10.15468/dl.k8zeq6,Primary
10.1080_01621459.2019.1573732,https://doi.org/10.6084/m9.figshare.7823465.v3,Missing
10.1080_02713683.2019.1607392,https://doi.org/10.6084/m9.figshare.8068571,Missing
10.1080_0284186x.2019.1669817,https://doi.org/10.6084/m9.figshare.9919928.v1,Missing
10.1080_0284186x.2020.1714721,https://doi.org/10.6084/m9.figshare.11708283,Missing
10.1080_07350015.2020.1766469,https://doi.org/10.6084/m9.figshare.12293162.v1,Missing
10.1080_13501763.2019.1630470,https://doi.org/10.6084/m9.figshare.8396918,Missing
10.1080_14756366.2020.1740692,https://doi.org/10.6084/m9.figshare.12046371,Missing
10.1080_15476286.2016.1232238,https://doi.org/10.6084/m9.figshare.3830103,Missing
10.1080_19475683.2023.2226196,https://doi.org/10.15468/dl.2a5f6c,Secondary
10.1080_19475683.2023.2226196,https://doi.org/10.15468/dl.6qzmh7,Secondary
10.1080_19475683.2023.2226196,https://doi.org/10.15468/dl.92jj3s,Secondary
10.1080_19475683.2023.2226196,https://doi.org/10.15468/dl.ah5fq7,Secondary
10.1080_19475683.2023.2226196,https://doi.org/10.15468/dl.be7krr,Secondary
10.1080_19475683.2023.2226196,https://doi.org/10.15468/dl.cb2hsf,Secondary
10.1080_19475683.2023.2226196,https://doi.org/10.15468/dl.dcatgu,Secondary
10.1080_19475683.2023.2226196,https://doi.org/10.15468/dl.gtnw2a,Secondary
10.1080_19475683.2023.2226196,https://doi.org/10.15468/dl.nvnscr,Secondary
10.1080_19475683.2023.2226196,https://doi.org/10.15468/dl.qgemaq,Secondary
10.1080_19475683.2023.2226196,https://doi.org/10.15468/dl.qm4v2t,Secondary
10.1080_19475683.2023.2226196,https://doi.org/10.15468/dl.sz5x6g,Secondary
10.1080_19475683.2023.2226196,https://doi.org/10.15468/dl.txwcpa,Secondary
10.1080_19475683.2023.2226196,https://doi.org/10.15468/dl.ucepps,Secondary
10.1080_19475683.2023.2226196,https://doi.org/10.15468/dl.waw9qx,Secondary
10.1080_19475683.2023.2226196,https://doi.org/10.15468/dl.yc59mu,Secondary
10.1080_19475683.2023.2226196,https://doi.org/10.15468/dl.zrhwa2,Secondary
10.1080_21645515.2023.2189598,ENSMMUT00000003274,Secondary
10.1080_21645515.2023.2189598,ENSMMUT00000007289,Secondary
10.1080_21645515.2023.2189598,ENSMMUT00000008499,Secondary
10.1080_21645515.2023.2189598,ENSMMUT00000013362,Secondary
10.1080_21645515.2023.2189598,ENSMMUT00000015979,Secondary
10.1080_21645515.2023.2189598,ENSMMUT00000017222,Secondary
10.1080_21645515.2023.2189598,ENSMMUT00000042190,Secondary
10.1080_21645515.2023.2189598,ENSMMUT00000043132,Secondary
10.1080_21645515.2023.2189598,ENSMMUT00000047863,Secondary
10.1080_21645515.2023.2189598,F6RVJ3,Secondary
10.1080_22221751.2020.1738277,https://doi.org/10.6084/m9.figshare.12046479.v1,Missing
10.1093_beheco_arad016,https://doi.org/10.5061/dryad.rxwdbrvdc,Primary
10.1093_beheco_arw167,https://doi.org/10.5061/dryad.12np0,Primary
10.1093_beheco_arz101,https://doi.org/10.5061/dryad.4dj6042,Primary
10.1093_bib_bbab395,https://doi.org/10.5281/zenodo.4923158,Primary
10.1093_evolut_qpad206,https://doi.org/10.5061/dryad.d2547d87h,Primary
10.1093_nar_gkp1049,3.10.180.10,Secondary
10.1093_nar_gkp1049,3.20.20.120,Secondary
10.1093_nar_gkp1049,3.20.20.140,Secondary
10.1093_nar_gkp1049,3.30.450.20,Secondary
10.1093_nar_gkp1049,3.30.450.40,Secondary
10.1093_nar_gkp1049,3.30.930.10,Secondary
10.1093_nar_gkp1049,3.40.30.10,Secondary
10.1093_nar_gkp1049,3.40.50.1000,Secondary
10.1093_nar_gkp1049,3.40.50.1820,Secondary
10.1093_nar_gkp1049,3.40.50.620,Secondary
10.1093_nar_gkp1049,3.40.630.30,Secondary
10.1093_nar_gkp1049,3.90.1200.10,Secondary
10.1093_nar_gkp1049,3.90.226.10,Secondary
10.1093_nar_gkp1049,3.90.228.10,Secondary
10.1093_nar_gkp1049,PF00106,Secondary
10.1093_nar_gkp1049,PF03372,Secondary
10.1093_sysbio_syy011,https://doi.org/10.5061/dryad.739bs,Primary
10.1098_rsbl.2015.0113,https://doi.org/10.5061/dryad.1h7p0,Primary
10.1098_rsos.160417,https://doi.org/10.5061/dryad.2bs69,Primary
10.1098_rsos.160417,https://doi.org/10.5061/dryad.2bs69.1,Primary
10.1098_rsos.160417,https://doi.org/10.5061/dryad.2bs69.2,Primary
10.1098_rsos.170796,https://doi.org/10.5061/dryad.2g5f9,Primary
10.1098_rsos.190841,https://doi.org/10.5061/dryad.3b65k44,Primary
10.1098_rsos.210982,https://doi.org/10.5061/dryad.fxpnvx0pn,Primary
10.1098_rspb.2015.0371,https://doi.org/10.5061/dryad.kh7nt,Primary
10.1098_rspb.2015.1498,https://doi.org/10.5061/dryad.rj7g1,Primary
10.1098_rspb.2015.2726,https://doi.org/10.5061/dryad.2fp25,Primary
10.1098_rspb.2015.2764,https://doi.org/10.5061/dryad.447sq,Primary
10.1101_096297,https://doi.org/10.5281/zenodo.817658,Primary
10.1101_2022.02.10.480011,https://doi.org/10.15482/usda.adc/1524676,Primary
10.1101_2022.07.21.501061,https://doi.org/10.15468/dl.354f8k,Primary
10.1101_2022.07.21.501061,https://doi.org/10.15468/dl.nbku3v,Primary
10.1101_2022.07.21.501061,https://doi.org/10.15468/dl.pdjqte,Primary
10.1101_2022.07.21.501061,https://doi.org/10.15468/dl.uejpg6,Primary
10.1103_physrevresearch.4.023008,https://doi.org/10.5291/ill-data.5-31-2380,Primary
10.1107_s0108270106019688,https://doi.org/10.5517/ccnp4jz,Missing
10.1107_s1600536807066780,https://doi.org/10.5517/ccqmz7j,Missing
10.1107_s1600536808011148,https://doi.org/10.5517/ccr3yvm,Missing
10.1107_s1600536809014883,https://doi.org/10.5517/ccsjvvz,Missing
10.1107_s1600536809022582,https://doi.org/10.5517/ccswqs4,Missing
10.1107_s1600536809043700,https://doi.org/10.5517/cctb1hn,Missing
10.1107_s1600536810036299,https://doi.org/10.5517/ccvs08w,Missing
10.1107_s1600536810047185,https://doi.org/10.5517/ccvytbx,Missing
10.1107_s1600536811003163,https://doi.org/10.5517/ccv41tt,Missing
10.1107_s160053681102201x,https://doi.org/10.5517/ccx067b,Missing
10.1107_s160053681103220x,https://doi.org/10.5517/ccxcplj,Missing
10.1107_s1600536811042164,https://doi.org/10.5517/ccxlt3d,Missing
10.1107_s1600536812014614,https://doi.org/10.5517/ccyjs6f,Missing
10.1107_s1600536812019885,https://doi.org/10.5517/ccyrx4q,Missing
10.1107_s1600536812024269,https://doi.org/10.5517/ccyw1g9,Missing
10.1107_s1600536812027390,https://doi.org/10.5517/ccyvzb2,Missing
10.1107_s1600536812046892,https://doi.org/10.5517/cczpbb9,Missing
10.1107_s2052252514012081,https://doi.org/10.5517/cc11949s,Missing
10.1107_s2052252515010271,https://doi.org/10.5517/cc1j7812,Missing
10.1107_s2052252515011665,https://doi.org/10.5517/cc104ryv,Missing
10.1107_s2052252515023945,https://doi.org/10.5517/cc1jxyq3,Missing
10.1107_s2052252520013603,https://doi.org/10.5517/ccdc.csd.cc26klft,Missing
10.1107_s2053229620003757,https://doi.org/10.5517/ccdc.csd.cc24t4sx,Missing
10.1107_s2056989014026358,https://doi.org/10.5517/cc13sxng,Missing
10.1107_s2056989015010257,https://doi.org/10.5517/cc1j3gsw,Missing
10.1107_s2056989015019891,https://doi.org/10.5517/cc1k2lx4,Missing
10.1107_s2056989016016819,https://doi.org/10.5517/ccdc.csd.cc1ln74m,Missing
10.1107_s2056989020010658,https://doi.org/10.5517/ccdc.csd.cc25v0nq,Missing
10.1107_s2059798322005691,https://doi.org/10.18150/6oxplo,Primary
10.1107_s2059798322005691,https://doi.org/10.18150/lienz5,Primary
10.1107_s2059798322005691,https://doi.org/10.18150/r8vj7v,Primary
10.1107_s2059798322005691,https://doi.org/10.18150/vaojlj,Primary
10.1107_s2059798322005691,https://doi.org/10.18150/vazz2f,Primary
10.1107_s2059798322005691,https://doi.org/10.18150/wefsc9,Primary
10.1107_s2059798322005691,https://doi.org/10.18150/xsexuf,Primary
10.1107_s2414314616000523,https://doi.org/10.5517/cc1kk8ft,Missing
10.1107_s2414314616007033,https://doi.org/10.5517/ccdc.csd.cc1lkgk5,Missing
10.1107_s2414314616007227,https://doi.org/10.5517/ccdc.csd.cc1ll2hr,Missing
10.1107_s2414314619012446,https://doi.org/10.5517/ccdc.csd.cc23j4d6,Missing
10.1109_access.2024.3385658,https://doi.org/10.5281/zenodo.10908593,Primary
10.1111_1365-2435.13087,https://doi.org/10.5061/dryad.hs20gv7,Primary
10.1111_1365-2435.13431,https://doi.org/10.5061/dryad.d84hg87,Primary
10.1111_1365-2435.13569,https://doi.org/10.5061/dryad.9s4mw6mbw,Primary
10.1111_1365-2656.12382,https://doi.org/10.5061/dryad.r390f,Primary
10.1111_1365-2656.12491,https://doi.org/10.5061/dryad.h5j86,Primary
10.1111_1365-2656.12501,https://doi.org/10.5061/dryad.m02hm,Primary
10.1111_1365-2656.12594,https://doi.org/10.5285/378f0f77-1842-4789-ba15-6fbdf7d02299,Primary
10.1111_1365-2664.13128,https://doi.org/10.5061/dryad.n3k9f,Primary
10.1111_1365-2664.13136,https://doi.org/10.5061/dryad.bn7p2f5,Primary
10.1111_1365-2664.13168,https://doi.org/10.5061/dryad.j8cm402,Primary
10.1111_1365-2664.13446,https://doi.org/10.5061/dryad.6d66b49,Primary
10.1111_1365-2745.13449,https://doi.org/10.5061/dryad.r7sqv9s8n,Primary
10.1111_2041-210x.12453,https://doi.org/10.5061/dryad.h4f7p,Primary
10.1111_2041-210x.13817,https://doi.org/10.5061/dryad.fn2z34tw7,Primary
10.1111_acel.13089,rs33912345,Primary
10.1111_bph.14747,HGNC:13735,Missing
10.1111_bph.14747,HGNC:3560,Missing
10.1111_bph.14747,HGNC:9996,Missing
10.1111_cas.12935,CAB004592,Secondary
10.1111_cas.12935,CAB010055,Secondary
10.1111_cas.12935,HPA001426,Secondary
10.1111_cas.12935,HPA001522,Secondary
10.1111_cas.12935,HPA001612,Secondary
10.1111_cas.12935,HPA003156,Secondary
10.1111_cas.12935,HPA003927,Secondary
10.1111_cas.12935,HPA007450,Secondary
10.1111_cas.12935,HPA008063,Secondary
10.1111_cas.12935,HPA030827,Secondary
10.1111_cas.12935,HPA042865,Secondary
10.1111_cas.12935,O75787,Secondary
10.1111_cas.12935,P17900,Secondary
10.1111_cas.12935,P21741,Secondary
10.1111_cas.12935,P23142,Secondary
10.1111_cas.12935,P24593,Secondary
10.1111_cas.12935,P24821,Secondary
10.1111_cas.12935,P51884,Secondary
10.1111_cas.12935,P53004,Secondary
10.1111_cas.12935,Q08629,Secondary
10.1111_cas.12935,Q12907,Secondary
10.1111_cas.12935,Q96AG4,Secondary
10.1111_cas.12935,Q99538,Secondary
10.1111_ddi.13153,https://doi.org/10.15468/dl.fltkbv,Missing
10.1111_ddi.13153,https://doi.org/10.15468/dl.k2hrsa,Missing
10.1111_ddi.13161,https://doi.org/10.15468/dl.c4sw39,Missing
10.1111_ejn.13855,https://doi.org/10.5281/zenodo.1158410,Primary
10.1111_eva.12151,https://doi.org/10.5061/dryad.3978f,Primary
10.1111_eva.12446,https://doi.org/10.5061/dryad.7g2c9,Primary
10.1111_eva.12768,https://doi.org/10.5061/dryad.rf79641,Primary
10.1111_evo.13972,https://doi.org/10.5061/dryad.3xsj3txbz,Primary
10.1111_gcb.13914,https://doi.org/10.15131/shef.data.5414629,Primary
10.1111_gcb.14974,https://doi.org/10.15468/dl.htsduz,Missing
10.1111_gcb.14974,https://doi.org/10.15468/dl.sdo3up,Missing
10.1111_ggr.12517,https://doi.org/10.5281/zenodo.7804445,Primary
10.1111_mec.16743,https://doi.org/10.5061/dryad.g1jwstqsg,Primary
10.1111_mec.16743,https://doi.org/10.5066/p93r9uel,Secondary
10.1111_mec.16977,https://doi.org/10.5061/dryad.4mw6m90cz,Primary
10.1111_njb.02077,https://doi.org/10.5061/dryad.2gh0ht2,Primary
10.1128_JVI.01717-21,EPI_ISL_291131,Primary
10.1128_JVI.01717-21,EPI_ISL_293286,Primary
10.1128_JVI.01717-21,EPI_ISL_293287,Primary
10.1128_JVI.01717-21,EPI_ISL_293288,Primary
10.1128_JVI.01717-21,EPI_ISL_293289,Primary
10.1128_JVI.01717-21,EPI_ISL_293290,Primary
10.1128_JVI.01717-21,EPI_ISL_293291,Primary
10.1128_JVI.01717-21,EPI_ISL_332358,Primary
10.1128_JVI.01717-21,EPI_ISL_332395,Primary
10.1128_JVI.01717-21,EPI_ISL_332396,Primary
10.1128_JVI.01717-21,EPI_ISL_332399,Primary
10.1128_JVI.01717-21,EPI_ISL_332401,Primary
10.1128_JVI.01717-21,EPI_ISL_376123,Primary
10.1128_JVI.01717-21,EPI_ISL_445001,Primary
10.1128_JVI.01717-21,EPI_ISL_445002,Primary
10.1128_JVI.01717-21,EPI_ISL_445051,Primary
10.1128_JVI.01717-21,EPI_ISL_445052,Primary
10.1128_JVI.01717-21,EPI_ISL_445089,Primary
10.1128_JVI.01717-21,EPI_ISL_445090,Primary
10.1128_JVI.01717-21,EPI_ISL_445091,Primary
10.1128_JVI.01717-21,EPI_ISL_445092,Primary
10.1128_JVI.01717-21,EPI_ISL_445093,Primary
10.1128_spectrum.00422-24,K02388,Secondary
10.1128_spectrum.00422-24,K02389,Secondary
10.1128_spectrum.00422-24,K02390,Secondary
10.1128_spectrum.00422-24,K02391,Secondary
10.1128_spectrum.00422-24,K02396,Secondary
10.1128_spectrum.00422-24,K02397,Secondary
10.1128_spectrum.00422-24,K02398,Secondary
10.1128_spectrum.00422-24,K02400,Secondary
10.1128_spectrum.00422-24,K02401,Secondary
10.1128_spectrum.00422-24,K02404,Secondary
10.1128_spectrum.00422-24,K02405,Secondary
10.1128_spectrum.00422-24,K02407,Secondary
10.1128_spectrum.00422-24,K02409,Secondary
10.1128_spectrum.00422-24,K02410,Secondary
10.1128_spectrum.00422-24,K02412,Secondary
10.1128_spectrum.00422-24,K02413,Secondary
10.1128_spectrum.00422-24,K02414,Secondary
10.1128_spectrum.00422-24,K02417,Secondary
10.1128_spectrum.00422-24,K02418,Secondary
10.1128_spectrum.00422-24,K02422,Secondary
10.1128_spectrum.00422-24,PF00248,Secondary
10.1128_spectrum.00422-24,PF00356,Secondary
10.1128_spectrum.00422-24,PF01052,Secondary
10.1128_spectrum.00422-24,PF02154,Secondary
10.1128_spectrum.00422-24,PF03748,Secondary
10.1128_spectrum.00422-24,PF03963,Secondary
10.1128_spectrum.00422-24,PF04347,Secondary
10.1128_spectrum.00422-24,PF04509,Secondary
10.1128_spectrum.00422-24,PF13377,Secondary
10.1130_ges01387.1,https://doi.org/10.5066/f7qn64xq,Secondary
10.1136_jitc-2021-003114,CVCL_0213,Secondary
10.1136_jitc-2021-003114,CVCL_0395,Secondary
10.1136_jitc-2021-003114,CVCL_0530,Secondary
10.1136_jitc-2021-003114,CVCL_0627,Secondary
10.1136_jitc-2021-003114,CVCL_1916,Secondary
10.1136_jitc-2021-003114,CVCL_1917,Secondary
10.1136_jitc-2021-003114,CVCL_1918,Secondary
10.1136_jitc-2021-003114,CVCL_1919,Secondary
10.1136_jitc-2021-003114,CVCL_2213,Secondary
10.1136_jitc-2021-003114,CVCL_2235,Secondary
10.1136_jitc-2021-003114,CVCL_3967,Secondary
10.1136_jitc-2021-003114,CVCL_6245,Secondary
10.1136_jitc-2021-003114,CVCL_7151,Secondary
10.1136_jitc-2021-003114,CVCL_D615,Secondary
10.1136_jitc-2021-003114,CVCL_KS61,Secondary
10.1140_epjc_s10052-016-4366-4,https://doi.org/10.17182/hepdata.84154.v2/t10,Missing
10.1140_epjc_s10052-016-4366-4,https://doi.org/10.17182/hepdata.84154.v2/t235,Missing
10.1140_epjc_s10052-018-6033-4,https://doi.org/10.17182/hepdata.86140.v1/t26,Missing
10.1140_epjc_s10052-018-6033-4,https://doi.org/10.17182/hepdata.86140.v1/t35,Missing
10.1140_epjc_s10052-018-6468-7,https://doi.org/10.17182/hepdata.84427.v1/t146,Missing
10.1140_epjc_s10052-018-6468-7,https://doi.org/10.17182/hepdata.84427.v1/t209,Missing
10.1140_epjc_s10052-018-6468-7,https://doi.org/10.17182/hepdata.84427.v1/t210,Missing
10.1140_epjc_s10052-018-6468-7,https://doi.org/10.17182/hepdata.84427.v1/t211,Missing
10.1140_epjc_s10052-018-6468-7,https://doi.org/10.17182/hepdata.84427.v1/t274,Missing
10.1140_epjc_s10052-018-6468-7,https://doi.org/10.17182/hepdata.84427.v1/t394,Missing
10.1140_epjc_s10052-019-6583-0,https://doi.org/10.17182/hepdata.88360.v1/t126,Missing
10.1140_epjc_s10052-019-6583-0,https://doi.org/10.17182/hepdata.88360.v1/t127,Missing
10.1140_epjc_s10052-019-6583-0,https://doi.org/10.17182/hepdata.88360.v1/t158,Missing
10.1140_epjc_s10052-019-6583-0,https://doi.org/10.17182/hepdata.88360.v1/t169,Missing
10.1140_epjc_s10052-019-6583-0,https://doi.org/10.17182/hepdata.88360.v1/t189,Missing
10.1140_epjc_s10052-019-6583-0,https://doi.org/10.17182/hepdata.88360.v1/t201,Missing
10.1140_epjc_s10052-019-6583-0,https://doi.org/10.17182/hepdata.88360.v1/t234,Missing
10.1140_epjds_s13688-018-0132-1,https://doi.org/10.6084/m9.figshare.5852313.v1,Missing
10.1145_3461702.3462538,https://doi.org/10.3886/icpsr25104.v1,Secondary
10.1145_3461702.3462538,https://doi.org/10.3886/icpsr27646.v1,Secondary
10.1145_3461702.3462538,https://doi.org/10.3886/icpsr30765.v1,Secondary
10.1145_3461702.3462538,https://doi.org/10.3886/icpsr30770.v1,Secondary
10.1145_3461702.3462538,https://doi.org/10.3886/icpsr33525.v1,Secondary
10.1145_3461702.3462538,https://doi.org/10.3886/icpsr33530.v1,Secondary
10.1145_3461702.3462538,https://doi.org/10.3886/icpsr34584.v1,Secondary
10.1145_3461702.3462538,https://doi.org/10.3886/icpsr34585.v1,Secondary
10.1145_3461702.3462538,https://doi.org/10.3886/icpsr35020.v1,Secondary
10.1145_3461702.3462538,https://doi.org/10.3886/icpsr35035.v1,Secondary
10.1145_3461702.3462538,https://doi.org/10.3886/icpsr36119.v1,Secondary
10.1145_3461702.3462538,https://doi.org/10.3886/icpsr36120.v2,Secondary
10.1145_3461702.3462538,https://doi.org/10.3886/icpsr36395.v1,Secondary
10.1145_3461702.3462538,https://doi.org/10.3886/icpsr36398.v1,Secondary
10.1145_3461702.3462538,https://doi.org/10.3886/icpsr36791.v1,Secondary
10.1145_3461702.3462538,https://doi.org/10.3886/icpsr36795.v1,Secondary
10.1145_3461702.3462538,https://doi.org/10.3886/icpsr37062.v1,Secondary
10.1145_3461702.3462538,https://doi.org/10.3886/icpsr37065.v2,Secondary
10.1155_2013_536562,https://doi.org/10.5517/ccw7m8z,Missing
10.1177_0018720820970751,https://doi.org/10.4121/13077797,Primary
10.1186_1471-244x-13-259,https://doi.org/10.5878/h511-3f57,Missing
10.1186_1752-153x-7-123,https://doi.org/10.5517/ccz99g0,Missing
10.1186_gb-2010-11-10-r101,https://doi.org/10.6084/m9.figshare.10036616,Missing
10.1186_s11658-018-0120-2,https://doi.org/10.6084/m9.figshare.7345550.v1,Missing
10.1186_s11689-019-9287-8,https://doi.org/10.6084/m9.figshare.10729766.v1,Missing
10.1186_s12859-016-0904-1,https://doi.org/10.6084/m9.figshare.c.3641837_d2,Missing
10.1186_s12859-016-0922-z,https://doi.org/10.6084/m9.figshare.c.3611075_d10.v1,Missing
10.1186_s12859-016-0938-4,https://doi.org/10.6084/m9.figshare.c.3632744_d3.v1,Missing
10.1186_s12859-016-1206-3,https://doi.org/10.6084/m9.figshare.c.3623813_d1,Missing
10.1186_s12859-017-1563-6,https://doi.org/10.6084/m9.figshare.c.3709306_d5.v1,Missing
10.1186_s12859-017-1952-x,https://doi.org/10.6084/m9.figshare.5678179.v1,Missing
10.1186_s12859-018-2036-2,https://doi.org/10.6084/m9.figshare.5965792.v1,Missing
10.1186_s12859-018-2146-x,https://doi.org/10.6084/m9.figshare.6153047.v1,Missing
10.1186_s12859-018-2263-6,https://doi.org/10.6084/m9.figshare.6813740.v1,Missing
10.1186_s12859-018-2414-9,https://doi.org/10.6084/m9.figshare.7405544,Missing
10.1186_s12859-020-3415-z,https://doi.org/10.6084/m9.figshare.12082719,Missing
10.1186_s12859-020-3496-8,https://doi.org/10.6084/m9.figshare.12285038.v1,Missing
10.1186_s12860-020-00261-6,https://doi.org/10.6084/m9.figshare.12023430.v1,Missing
10.1186_s12862-015-0558-z,https://doi.org/10.6084/m9.figshare.c.3615866_d4,Missing
10.1186_s12862-018-1213-2,https://doi.org/10.6084/m9.figshare.6553967,Missing
10.1186_s12862-019-1388-1,https://doi.org/10.6084/m9.figshare.7842806,Missing
10.1186_s12862-019-1388-1,https://doi.org/10.6084/m9.figshare.7842896,Missing
10.1186_s12862-019-1509-x,https://doi.org/10.6084/m9.figshare.10049030,Missing
10.1186_s12863-017-0513-7,https://doi.org/10.6084/m9.figshare.c.3778673_d1,Missing
10.1186_s12863-019-0790-4,https://doi.org/10.6084/m9.figshare.11300216.v1,Missing
10.1186_s12863-019-0790-4,https://doi.org/10.6084/m9.figshare.11300291.v1,Missing
10.1186_s12864-015-2206-9,https://doi.org/10.6084/m9.figshare.c.3645725_d6.v1,Missing
10.1186_s12864-018-4947-8,https://doi.org/10.6084/m9.figshare.6874358.v1,Missing
10.1186_s12864-018-5054-6,https://doi.org/10.6084/m9.figshare.7081877.v1,Missing
10.1186_s12864-018-5198-4,https://doi.org/10.6084/m9.figshare.7338521,Missing
10.1186_s12864-019-5872-1,https://doi.org/10.6084/m9.figshare.8245019.v1,Missing
10.1186_s12864-019-6099-x,https://doi.org/10.6084/m9.figshare.9962870.v1,Missing
10.1186_s12864-019-6131-1,https://doi.org/10.6084/m9.figshare.9980159,Missing
10.1186_s12864-019-6324-7,https://doi.org/10.6084/m9.figshare.11377887,Missing
10.1186_s12864-020-6657-2,https://doi.org/10.6084/m9.figshare.12072357,Missing
10.1186_s12866-015-0509-2,https://doi.org/10.6084/m9.figshare.c.3637691_d1.v1,Missing
10.1186_s12866-019-1542-3,https://doi.org/10.6084/m9.figshare.8948399,Missing
10.1186_s12866-019-1542-3,https://doi.org/10.6084/m9.figshare.8948417.v1,Missing
10.1186_s12866-020-01863-y,https://doi.org/10.6084/m9.figshare.12593036.v1,Missing
10.1186_s12868-018-0468-2,https://doi.org/10.6084/m9.figshare.7305917,Missing
10.1186_s12868-019-0514-8,https://doi.org/10.6084/m9.figshare.8873525.v1,Missing
10.1186_s12870-018-1332-3,https://doi.org/10.6084/m9.figshare.6443909.v1,Missing
10.1186_s12870-018-1542-8,https://doi.org/10.6084/m9.figshare.7422113.v1,Missing
10.1186_s12870-019-1632-2,https://doi.org/10.6084/m9.figshare.7686722.v1,Missing
10.1186_s12870-019-1889-5,https://doi.org/10.6084/m9.figshare.9211094.v1,Missing
10.1186_s12870-019-1904-x,https://doi.org/10.6084/m9.figshare.8866778,Missing
10.1186_s12870-019-1926-4,https://doi.org/10.6084/m9.figshare.8941205,Missing
10.1186_s12870-019-2199-7,https://doi.org/10.6084/m9.figshare.11784876.v1,Missing
10.1186_s12870-020-02651-6,https://doi.org/10.6084/m9.figshare.12997235.v1,Missing
10.1186_s12870-020-02692-x,https://doi.org/10.6084/m9.figshare.13142363.v1,Missing
10.1186_s12870-020-2295-8,https://doi.org/10.6084/m9.figshare.11986587.v1,Missing
10.1186_s12874-018-0583-x,https://doi.org/10.6084/m9.figshare.7305356.v1,Missing
10.1186_s12874-019-0829-2,https://doi.org/10.6084/m9.figshare.10027049.v1,Missing
10.1186_s12879-018-3065-1,https://doi.org/10.6084/m9.figshare.6132413,Missing
10.1186_s12879-019-3766-0,https://doi.org/10.6084/m9.figshare.7724156.v1,Missing
10.1186_s12881-019-0773-3,https://doi.org/10.6084/m9.figshare.7975355,Missing
10.1186_s12882-019-1494-8,https://doi.org/10.6084/m9.figshare.9698123,Missing
10.1186_s12884-018-1751-z,https://doi.org/10.6084/m9.figshare.6215384.v1,Missing
10.1186_s12885-017-3237-1,https://doi.org/10.6084/m9.figshare.c.3734029_d3.v1,Missing
10.1186_s12885-017-3237-1,https://doi.org/10.6084/m9.figshare.c.3734029_d7.v1,Missing
10.1186_s12885-018-4229-5,https://doi.org/10.6084/m9.figshare.6020879,Missing
10.1186_s12885-018-4314-9,https://doi.org/10.6084/m9.figshare.6132164.v1,Missing
10.1186_s12885-018-4768-9,https://doi.org/10.6084/m9.figshare.7040663,Missing
10.1186_s12885-019-5681-6,https://doi.org/10.6084/m9.figshare.8288363,Missing
10.1186_s12885-020-06724-5,https://doi.org/10.6084/m9.figshare.12023604,Missing
10.1186_s12903-018-0656-6,https://doi.org/10.6084/m9.figshare.7404881,Missing
10.1186_s12906-019-2769-0,https://doi.org/10.6084/m9.figshare.11352458,Missing
10.1186_s12906-019-2769-0,https://doi.org/10.6084/m9.figshare.11352482,Missing
10.1186_s12913-018-3333-1,https://doi.org/10.6084/m9.figshare.6753869.v1,Missing
10.1186_s12915-018-0498-3,https://doi.org/10.6084/m9.figshare.5945746.v1,Missing
10.1186_s12915-018-0584-6,https://doi.org/10.6084/m9.figshare.7228061,Missing
10.1186_s12916-019-1469-4,https://doi.org/10.6084/m9.figshare.11521620.v1,Missing
10.1186_s12916-019-1469-4,https://doi.org/10.6084/m9.figshare.11521662.v1,Missing
10.1186_s12918-015-0209-4,https://doi.org/10.6084/m9.figshare.c.3627719_d1,Missing
10.1186_s12918-018-0564-z,https://doi.org/10.6084/m9.figshare.6181262.v1,Missing
10.1186_s12918-018-0620-8,https://doi.org/10.6084/m9.figshare.7233227.v1,Missing
10.1186_s12920-018-0379-1,https://doi.org/10.6084/m9.figshare.6944858.v1,Missing
10.1186_s12920-018-0403-5,https://doi.org/10.6084/m9.figshare.7116272.v1,Missing
10.1186_s12920-018-0426-y,https://doi.org/10.6084/m9.figshare.7362722.v1,Missing
10.1186_s12920-018-0426-y,https://doi.org/10.6084/m9.figshare.7362797,Missing
10.1186_s12920-019-0611-7,https://doi.org/10.6084/m9.figshare.11293259.v1,Missing
10.1186_s12920-019-0628-y,https://doi.org/10.6084/m9.figshare.11415768,Missing
10.1186_s12920-019-0646-9,https://doi.org/10.6084/m9.figshare.11507967,Missing
10.1186_s12920-020-00737-6,https://doi.org/10.6084/m9.figshare.12569549,Missing
10.1186_s12920-020-00737-6,https://doi.org/10.6084/m9.figshare.12569561,Missing
10.1186_s12931-019-1001-6,https://doi.org/10.6084/m9.figshare.7730087,Missing
10.1186_s12933-019-0813-5,https://doi.org/10.6084/m9.figshare.7609424.v1,Missing
10.1186_s12934-018-1005-9,https://doi.org/10.6084/m9.figshare.7164968,Missing
10.1186_s12935-020-01373-x,https://doi.org/10.6084/m9.figshare.12599536.v1,Missing
10.1186_s12943-018-0878-x,https://doi.org/10.6084/m9.figshare.7033778.v1,Missing
10.1186_s12943-019-1017-z,https://doi.org/10.6084/m9.figshare.10034366.v1,Missing
10.1186_s12967-019-2100-3,https://doi.org/10.6084/m9.figshare.10252406,Missing
10.1186_s12967-020-02311-1,https://doi.org/10.6084/m9.figshare.12051462.v1,Missing
10.1186_s12974-020-01860-y,https://doi.org/10.6084/m9.figshare.12522218,Missing
10.1186_s12977-015-0204-2,https://doi.org/10.6084/m9.figshare.c.3616574_d4.v1,Missing
10.1186_s13007-019-0403-2,https://doi.org/10.6084/m9.figshare.7762601.v1,Missing
10.1186_s13014-018-1166-z,https://doi.org/10.6084/m9.figshare.7338554,Missing
10.1186_s13020-020-00307-z,https://doi.org/10.6084/m9.figshare.12038124.v1,Missing
10.1186_s13024-018-0254-8,https://doi.org/10.6084/m9.figshare.6297968,Missing
10.1186_s13024-018-0266-4,https://doi.org/10.6084/m9.figshare.6721886.v1,Missing
10.1186_s13039-022-00631-z,GSE67047,Secondary
10.1186_s13039-022-00631-z,GSE87048,Secondary
10.1186_s13046-018-0843-y,https://doi.org/10.6084/m9.figshare.6864545,Missing
10.1186_s13054-015-0738-7,https://doi.org/10.6084/m9.figshare.15095080,Missing
10.1186_s13054-015-1052-0,https://doi.org/10.6084/m9.figshare.c.3639749_d5.v1,Missing
10.1186_s13054-019-2488-4,https://doi.org/10.6084/m9.figshare.8215274,Missing
10.1186_s13058-015-0618-8,https://doi.org/10.6084/m9.figshare.c.3644942_d6,Missing
10.1186_s13059-017-1200-8,https://doi.org/10.6084/m9.figshare.c.3756950_d5.v1,Missing
10.1186_s13059-018-1557-3,https://doi.org/10.6084/m9.figshare.7313804.v1,Missing
10.1186_s13059-019-1749-5,https://doi.org/10.6084/m9.figshare.8841026.v1,Missing
10.1186_s13059-019-1749-5,https://doi.org/10.6084/m9.figshare.8841209,Missing
10.1186_s13059-019-1840-y,https://doi.org/10.6084/m9.figshare.10252211.v1,Missing
10.1186_s13059-019-1908-8,https://doi.org/10.6084/m9.figshare.11798334,Missing
10.1186_s13059-019-1918-6,https://doi.org/10.6084/m9.figshare.11636205.v1,Missing
10.1186_s13059-019-1924-8,https://doi.org/10.6084/m9.figshare.11692440.v1,Missing
10.1186_s13059-020-02048-6,https://doi.org/10.6084/m9.figshare.12413714.v1,Missing
10.1186_s13059-020-1949-z,https://doi.org/10.6084/m9.figshare.11846244.v1,Missing
10.1186_s13068-017-0901-2,https://doi.org/10.6084/m9.figshare.c.3886555_d8.v1,Missing
10.1186_s13068-018-1078-z,https://doi.org/10.6084/m9.figshare.6077489,Missing
10.1186_s13068-018-1167-z,https://doi.org/10.6084/m9.figshare.6627506,Missing
10.1186_s13068-018-1316-4,https://doi.org/10.6084/m9.figshare.7368908,Missing
10.1186_s13071-016-1359-y,https://doi.org/10.6084/m9.figshare.c.3614081_d3.v1,Missing
10.1186_s13071-018-2842-4,https://doi.org/10.17638/datacat.liverpool.ac.uk/417,Primary
10.1186_s13071-018-2964-8,https://doi.org/10.6084/m9.figshare.6740249,Missing
10.1186_s13071-018-3084-1,https://doi.org/10.6084/m9.figshare.7070837,Missing
10.1186_s13071-018-3237-2,https://doi.org/10.6084/m9.figshare.7524203.v1,Missing
10.1186_s13072-019-0285-6,https://doi.org/10.6084/m9.figshare.8479979.v1,Missing
10.1186_s13072-019-0322-5,https://doi.org/10.6084/m9.figshare.11415432.v1,Missing
10.1186_s13072-019-0322-5,https://doi.org/10.6084/m9.figshare.11415444.v1,Missing
10.1186_s13073-019-0674-2,https://doi.org/10.6084/m9.figshare.10086830.v1,Missing
10.1186_s13073-019-0709-8,https://doi.org/10.6084/m9.figshare.11626506.v1,Missing
10.1186_s13073-020-00727-4,https://doi.org/10.6084/m9.figshare.12004563,Missing
10.1186_s13100-019-0153-8,https://doi.org/10.6084/m9.figshare.7879253,Missing
10.1186_s13104-018-4014-1,https://doi.org/10.6084/m9.figshare.7502936,Missing
10.1186_s13104-019-4058-x,https://doi.org/10.6084/m9.figshare.7587347,Missing
10.1186_s13104-019-4127-1,https://doi.org/10.6084/m9.figshare.7724426,Missing
10.1186_s13148-018-0581-1,https://doi.org/10.6084/m9.figshare.7377704,Missing
10.1186_s13148-019-0719-9,https://doi.org/10.6084/m9.figshare.9692111.v1,Missing
10.1186_s13321-015-0110-6,https://doi.org/10.6084/m9.figshare.c.3698854_d2.v1,Missing
10.1186_s13321-017-0223-1,https://doi.org/10.6084/m9.figshare.c.3803623_d2,Missing
10.1186_s13321-017-0246-7,https://doi.org/10.6084/m9.figshare.c.3937795_d1.v1,Missing
10.1186_s13321-018-0298-3,https://doi.org/10.6084/m9.figshare.7027148.v1,Missing
10.1186_s13321-018-0298-3,https://doi.org/10.6084/m9.figshare.7027157,Missing
10.1186_s13326-019-0195-3,https://doi.org/10.6084/m9.figshare.7608194,Missing
10.1186_s13568-018-0680-6,https://doi.org/10.6084/m9.figshare.7164866.v1,Missing
10.1186_s13617-019-0084-6,https://doi.org/10.6084/m9.figshare.8957720,Missing
10.1186_s13643-018-0859-6,https://doi.org/10.6084/m9.figshare.7497530,Missing
10.1186_s13750-020-0184-0,https://doi.org/10.6084/m9.figshare.11759808.v1,Missing
10.1186_s13750-020-0184-0,https://doi.org/10.6084/m9.figshare.11759823.v1,Missing
10.1186_s40168-017-0338-7,https://doi.org/10.6084/m9.figshare.c.3881365_d10.v1,Missing
10.1186_s40168-018-0532-2,https://doi.org/10.6084/m9.figshare.7020824,Missing
10.1186_s40168-018-0550-0,https://doi.org/10.6084/m9.figshare.7149560,Missing
10.1186_s40169-019-0253-6,https://doi.org/10.6084/m9.figshare.11480214,Missing
10.1186_s40170-018-0185-4,https://doi.org/10.6084/m9.figshare.7138511.v1,Missing
10.1186_s40170-020-00212-x,https://doi.org/10.6084/m9.figshare.12480134,Missing
10.1186_s40425-019-0730-x,https://doi.org/10.6084/m9.figshare.10027217.v2,Missing
10.1186_s40478-018-0561-x,https://doi.org/10.6084/m9.figshare.6796646.v1,Missing
10.1186_s40478-018-0655-5,https://doi.org/10.6084/m9.figshare.7551533.v1,Missing
10.1186_s40657-018-0125-6,https://doi.org/10.6084/m9.figshare.7270349,Missing
10.1186_s40657-020-00194-w,https://doi.org/10.6084/m9.figshare.11992308.v1,Missing
10.1186_s40793-015-0095-9,https://doi.org/10.6084/m9.figshare.c.3627500_d1,Missing
10.1186_s40851-018-0089-8,https://doi.org/10.6084/m9.figshare.5913979.v1,Missing
10.1212_wnl.0000000000006035,https://doi.org/10.5061/dryad.tq61224,Primary
10.1242_bio.035071,https://doi.org/10.5061/dryad.dk5gt88,Primary
10.1242_dev.138545,https://doi.org/10.5061/dryad.fj0qj,Primary
10.1242_jeb.211466,https://doi.org/10.5061/dryad.gtht76hhb,Primary
10.12688_f1000research.10556.1,https://doi.org/10.5256/f1000research.10556.d148743,Primary
10.12688_f1000research.10556.1,https://doi.org/10.5256/f1000research.10556.d148744,Primary
10.12688_f1000research.11698.1,https://doi.org/10.5256/f1000research.11698.d163781,Primary
10.12688_f1000research.11698.1,https://doi.org/10.5256/f1000research.11698.d163782,Primary
10.12688_f1000research.11698.1,https://doi.org/10.5256/f1000research.11698.d163783,Primary
10.12688_f1000research.11698.1,https://doi.org/10.5256/f1000research.11698.d163784,Primary
10.12688_f1000research.11698.1,https://doi.org/10.5256/f1000research.11698.d163786,Primary
10.12688_f1000research.11698.1,https://doi.org/10.5256/f1000research.11698.d163788,Primary
10.12688_f1000research.11698.1,https://doi.org/10.5256/f1000research.11698.d163789,Primary
10.12688_f1000research.11698.1,https://doi.org/10.5256/f1000research.11698.d163790,Primary
10.12688_f1000research.13064.1,https://doi.org/10.5256/f1000research.13064.d183806,Primary
10.12688_f1000research.13483.1,https://doi.org/10.5256/f1000research.13483.d188591,Primary
10.12688_f1000research.13622.1,https://doi.org/10.5256/f1000research.13622.d194233,Primary
10.12688_f1000research.13622.1,https://doi.org/10.5256/f1000research.13622.d194234,Primary
10.12688_f1000research.13622.1,https://doi.org/10.5256/f1000research.13622.d194235,Primary
10.12688_f1000research.13622.1,https://doi.org/10.5256/f1000research.13622.d194236,Primary
10.12688_f1000research.13852.1,https://doi.org/10.5256/f1000research.13852.d195529,Primary
10.12688_f1000research.4660.1,https://doi.org/10.5256/f1000research.4660.d34165,Primary
10.1364_oe.25.001985,https://doi.org/10.15125/bath-00325,Primary
10.1371_journal.pcbi.1011828,E-PROT-100,Secondary
10.1371_journal.pcbi.1011828,E-PROT-101,Secondary
10.1371_journal.pcbi.1011828,E-PROT-102,Secondary
10.1371_journal.pcbi.1011828,E-PROT-103,Secondary
10.1371_journal.pcbi.1011828,E-PROT-104,Secondary
10.1371_journal.pcbi.1011828,E-PROT-105,Secondary
10.1371_journal.pcbi.1011828,E-PROT-106,Secondary
10.1371_journal.pcbi.1011828,E-PROT-107,Secondary
10.1371_journal.pcbi.1011828,E-PROT-108,Secondary
10.1371_journal.pcbi.1011828,E-PROT-109,Secondary
10.1371_journal.pcbi.1011828,E-PROT-110,Secondary
10.1371_journal.pcbi.1011828,E-PROT-23,Secondary
10.1371_journal.pcbi.1011828,PXD001676,Secondary
10.1371_journal.pcbi.1011828,PXD002137,Secondary
10.1371_journal.pcbi.1011828,PXD005693,Secondary
10.1371_journal.pcbi.1011828,PXD005709,Secondary
10.1371_journal.pcbi.1011828,PXD010458,Secondary
10.1371_journal.pcbi.1011828,PXD014511,Secondary
10.1371_journal.pcbi.1011828,PXD019504,Secondary
10.1371_journal.pcbi.1011828,PXD020454,Secondary
10.1371_journal.pcbi.1011828,PXD031556,Secondary
10.1371_journal.pcbi.1011828,PXD032899,Secondary
10.1371_journal.pntd.0005385,https://doi.org/10.5061/dryad.72v34,Primary
10.1371_journal.pone.0070749,https://doi.org/10.5061/dryad.5q1sb,Primary
10.1371_journal.pone.0070749,https://doi.org/10.5061/dryad.5q1sb.1,Primary
10.1371_journal.pone.0070749,https://doi.org/10.5061/dryad.5q1sb.2,Primary
10.1371_journal.pone.0093021,https://doi.org/10.1594/pangaea.833402,Missing
10.1371_journal.pone.0096457,https://doi.org/10.5061/dryad.sn878,Missing
10.1371_journal.pone.0117675,https://doi.org/10.5061/dryad.7pd40,Primary
10.1371_journal.pone.0137181,https://doi.org/10.5061/dryad.m4r46,Primary
10.1371_journal.pone.0139215,https://doi.org/10.5061/dryad.27m63,Primary
10.1371_journal.pone.0139215,https://doi.org/10.5061/dryad.27m63.1,Primary
10.1371_journal.pone.0139215,https://doi.org/10.5061/dryad.27m63.2,Primary
10.1371_journal.pone.0146274,https://doi.org/10.5061/dryad.kh186,Primary
10.1371_journal.pone.0159387,CP013147,Secondary
10.1371_journal.pone.0159387,PRJNA10687,Secondary
10.1371_journal.pone.0159387,PRJNA16146,Secondary
10.1371_journal.pone.0159387,PRJNA16148,Secondary
10.1371_journal.pone.0159387,PRJNA167229,Secondary
10.1371_journal.pone.0159387,PRJNA167235,Secondary
10.1371_journal.pone.0159387,PRJNA167242,Secondary
10.1371_journal.pone.0159387,PRJNA167243,Secondary
10.1371_journal.pone.0159387,PRJNA167255,Secondary
10.1371_journal.pone.0159387,PRJNA167259,Secondary
10.1371_journal.pone.0159387,PRJNA185511,Secondary
10.1371_journal.pone.0159387,PRJNA20133,Secondary
10.1371_journal.pone.0159387,PRJNA217894,Secondary
10.1371_journal.pone.0159387,PRJNA287300,Secondary
10.1371_journal.pone.0159387,PRJNA293,Secondary
10.1371_journal.pone.0159387,PRJNA296687,Secondary
10.1371_journal.pone.0159387,PRJNA32553,Secondary
10.1371_journal.pone.0159387,PRJNA47139,Secondary
10.1371_journal.pone.0159387,PRJNA65041,Secondary
10.1371_journal.pone.0159387,PRJNA65043,Secondary
10.1371_journal.pone.0159387,PRJNA74039,Secondary
10.1371_journal.pone.0159387,PRJNA74077,Secondary
10.1371_journal.pone.0159387,PRJNA74079,Secondary
10.1371_journal.pone.0159387,PRJNA74089,Secondary
10.1371_journal.pone.0159387,PRJNA74123,Secondary
10.1371_journal.pone.0159387,PRJNA74167,Secondary
10.1371_journal.pone.0159387,SRX1830060,Secondary
10.1371_journal.pone.0170126,KU363060,Missing
10.1371_journal.pone.0188323,https://doi.org/10.13020/d6wx0s,Primary
10.1371_journal.pone.0191086,https://doi.org/10.15468/dl.1ylxsq,Missing
10.1371_journal.pone.0191086,https://doi.org/10.15468/dl.tzkylz,Missing
10.1371_journal.pone.0198382,https://doi.org/10.5066/f72j69rm,Secondary
10.1371_journal.pone.0200041,https://doi.org/10.5061/dryad.f8c5r7q,Primary
10.1371_journal.pone.0212669,E-GEOD-19722,Secondary
10.1371_journal.pone.0212669,E-GEOD-28654,Secondary
10.1371_journal.pone.0212669,E-GEOD-29623,Secondary
10.1371_journal.pone.0212669,E-GEOD-39084,Secondary
10.1371_journal.pone.0212669,E-GEOD-45216,Secondary
10.1371_journal.pone.0212669,E-GEOD-45670,Secondary
10.1371_journal.pone.0212669,E-GEOD-46474,Secondary
10.1371_journal.pone.0212669,E-GEOD-48278,Secondary
10.1371_journal.pone.0212669,E-GEOD-48350,Secondary
10.1371_journal.pone.0212669,E-GEOD-48780,Secondary
10.1371_journal.pone.0212669,E-GEOD-49243,Secondary
10.1371_journal.pone.0212669,E-GEOD-50774,Secondary
10.1371_journal.pone.0212669,E-GEOD-53224,Secondary
10.1371_journal.pone.0212669,E-GEOD-53890,Secondary
10.1371_journal.pone.0212669,E-GEOD-54543,Secondary
10.1371_journal.pone.0212669,E-GEOD-54837,Secondary
10.1371_journal.pone.0212669,E-GEOD-58697,Secondary
10.1371_journal.pone.0212669,E-GEOD-59312,Secondary
10.1371_journal.pone.0212669,E-GEOD-60028,Secondary
10.1371_journal.pone.0212669,E-GEOD-61804,Secondary
10.1371_journal.pone.0212669,E-GEOD-63626,Secondary
10.1371_journal.pone.0212669,E-GEOD-64415,Secondary
10.1371_journal.pone.0212669,E-GEOD-64857,Secondary
10.1371_journal.pone.0212669,E-GEOD-67851,Secondary
10.1371_journal.pone.0212669,E-GEOD-68720,Secondary
10.1371_journal.pone.0220399,https://doi.org/10.5061/dryad.8t3g361,Primary
10.1371_journal.pone.0253228,https://doi.org/10.5061/dryad.j0zpc86f2,Primary
10.1371_journal.pone.0262974,2nrj,Secondary
10.1371_journal.pone.0262974,4k1p,Secondary
10.1371_journal.pone.0262974,7nmq,Secondary
10.1371_journal.pone.0284951,https://doi.org/10.13012/b2idb-5784165_v1,Primary
10.14358_pers.22-00039r2,https://doi.org/10.5066/p98lo5d4,Primary
10.14379_iodp.proc.390393.208.2024,https://doi.org/10.1594/pangaea.964943,Primary
10.14379_iodp.proc.390393.208.2024,https://doi.org/10.1594/pangaea.965000,Primary
10.1534_g3.119.400401,https://doi.org/10.25387/g3.9478253,Primary
10.1534_g3.119.400993,https://doi.org/10.25387/g3.9626636,Primary
10.1534_genetics.120.303190,https://doi.org/10.25386/genetics.12136941,Primary
10.1590_0001-3765201920180768,https://doi.org/10.6084/m9.figshare.9739643,Missing
10.1590_0001-3765201920190822,https://doi.org/10.6084/m9.figshare.11312948.v1,Missing
10.1590_0034-7167-2018-0065,https://doi.org/10.6084/m9.figshare.11390565,Missing
10.1590_0034-737x201966050002,https://doi.org/10.6084/m9.figshare.10295960,Missing
10.1590_0047-2085000000239,https://doi.org/10.6084/m9.figshare.10026209,Missing
10.1590_0102-778632120150164,https://doi.org/10.6084/m9.figshare.8227181.v1,Missing
10.1590_0102-77863220007,https://doi.org/10.6084/m9.figshare.8227514,Missing
10.1590_0102.3772e35417,https://doi.org/10.6084/m9.figshare.10073909,Missing
10.1590_0103-6351_4070,https://doi.org/10.6084/m9.figshare.11966088,Missing
10.1590_0103-6440201802861,https://doi.org/10.6084/m9.figshare.11313281,Missing
10.1590_0104-4060.59642,https://doi.org/10.6084/m9.figshare.11350364.v1,Missing
10.1590_0104-530x4900-19,https://doi.org/10.6084/m9.figshare.9599096,Missing
10.1590_0104-6632.20190362s20180340,https://doi.org/10.6084/m9.figshare.9927380.v1,Missing
10.1590_1413-785220192703169516,https://doi.org/10.6084/m9.figshare.8227094.v1,Missing
10.1590_1414-431x20198292,https://doi.org/10.6084/m9.figshare.8324420.v1,Missing
10.1590_1516-3180.2018.0270071218,https://doi.org/10.6084/m9.figshare.8162423.v1,Missing
10.1590_1517-869220192505126869,https://doi.org/10.6084/m9.figshare.9956870,Missing
10.1590_1519-6984.192126,https://doi.org/10.6084/m9.figshare.12027618.v1,Missing
10.1590_1678-4162-10032,https://doi.org/10.6084/m9.figshare.10073831.v1,Missing
10.1590_1678-4162-10752,https://doi.org/10.6084/m9.figshare.10073744.v1,Missing
10.1590_1678-4499.20190067,https://doi.org/10.6084/m9.figshare.11391015,Missing
10.1590_1678-4685-gmb-2018-0055,https://doi.org/10.6084/m9.figshare.11609370.v1,Missing
10.1590_1679-78255326,https://doi.org/10.6084/m9.figshare.9697040.v1,Missing
10.1590_1679-78255753,https://doi.org/10.6084/m9.figshare.9927767,Missing
10.1590_1806-90882019000500004,https://doi.org/10.6084/m9.figshare.12027279,Missing
10.1590_1806-93042019000400002,https://doi.org/10.6084/m9.figshare.11609025,Missing
10.1590_1806-9479.2019.185555,https://doi.org/10.6084/m9.figshare.11314106,Missing
10.1590_1807-3107bor-2019.vol33.0095,https://doi.org/10.6084/m9.figshare.9985889.v1,Missing
10.1590_1809-2950_19003927012020,https://doi.org/10.6084/m9.figshare.12094506.v1,Missing
10.1590_1809-2950_19008627012020,https://doi.org/10.6084/m9.figshare.12094356,Missing
10.1590_1809-4430-eng.agric.v40n1p24-33_2020,https://doi.org/10.6084/m9.figshare.11869272.v1,Missing
10.1590_1809-6891v21e-43578,https://doi.org/10.6084/m9.figshare.12027189.v1,Missing
10.1590_1809-9823.2007.10034,https://doi.org/10.6084/m9.figshare.10073312.v1,Missing
10.1590_1980-5373-mr-2018-0766,https://doi.org/10.6084/m9.figshare.8988101.v1,Missing
10.1590_1980-5373-mr-2018-0921,https://doi.org/10.6084/m9.figshare.9900389.v1,Missing
10.1590_1980-5373-mr-2019-0338,https://doi.org/10.6084/m9.figshare.11267810,Missing
10.1590_1980-5373-mr-2019-0338,https://doi.org/10.6084/m9.figshare.11267810.v1,Missing
10.1590_1980-5918.032.ao27,https://doi.org/10.6084/m9.figshare.8988281,Missing
10.1590_1980-5918.033.ao15,https://doi.org/10.6084/m9.figshare.11869344,Missing
10.1590_1981-22562019022.190037,https://doi.org/10.6084/m9.figshare.11266103,Missing
10.1590_1981-52712015v43n3rb20180090,https://doi.org/10.6084/m9.figshare.8195198,Missing
10.1590_1981-6723.06017,https://doi.org/10.6084/m9.figshare.8848112,Missing
10.1590_1981-86372019000243506,https://doi.org/10.6084/m9.figshare.8292734,Missing
10.1590_1982-0216_20192158519,https://doi.org/10.6084/m9.figshare.11267783.v1,Missing
10.1590_1983-21252019v32n324rc,https://doi.org/10.6084/m9.figshare.10025267,Missing
10.1590_2236-3459_83528,https://doi.org/10.6084/m9.figshare.9927428.v1,Missing
10.1590_2237-6089-2017-0134,https://doi.org/10.6084/m9.figshare.9276443,Missing
10.1590_fst.33717,https://doi.org/10.6084/m9.figshare.8259671.v1,Missing
10.1590_fst.36617,https://doi.org/10.6084/m9.figshare.8195090,Missing
10.1590_s1677-5538.ibju.2019.0167,https://doi.org/10.6084/m9.figshare.11452578.v1,Missing
10.1590_s1678-86212019000400340,https://doi.org/10.6084/m9.figshare.9957230.v1,Missing
10.1617_s11527-023-02260-3,https://doi.org/10.5518/1438,Primary
10.17581_bp.2020.09104,https://doi.org/10.15468/dl.elq8xm,Primary
10.17581_bp.2020.09104,https://doi.org/10.15468/dl.ze0mrg,Primary
10.17815_jlsrf-2-58,https://doi.org/10.14278/rodare.1613,Missing
10.18438_eblip29674,https://doi.org/10.6078/d1k419,Primary
10.20944_preprints202009.0353.v1,https://doi.org/10.15468/dl.jx7wck,Primary
10.21105_joss.04237,https://doi.org/10.15485/1843541,Secondary
10.21105_joss.04237,https://doi.org/10.5067/modis/mod13a2.006,Secondary
10.21105_joss.04237,https://doi.org/10.5067/zx7yx2y2lheb,Secondary
10.21203_rs.3.rs-2814013_v1,https://doi.org/10.15468/dl.qv53hc,Primary
10.21203_rs.3.rs-3338732_v1,https://doi.org/10.25422/azu.data.19680372,Primary
10.21203_rs.3.rs-3338732_v1,https://doi.org/10.5066/p9vqpe9w,Primary
10.3133_cir1497,https://doi.org/10.5066/f72z13n1,Secondary
10.3133_cir1497,https://doi.org/10.5066/f77d2s7b,Secondary
10.3133_cir1497,https://doi.org/10.5066/f7930sg7,Secondary
10.3133_cir1497,https://doi.org/10.5066/f7h993cz,Secondary
10.3133_cir1497,https://doi.org/10.5066/f7nc5zfm,Secondary
10.3133_cir1497,https://doi.org/10.5066/f7tt4q4b,Secondary
10.3133_cir1497,https://doi.org/10.5066/f7wq01t3,Secondary
10.3133_cir1497,https://doi.org/10.5066/p92bghw1,Secondary
10.3133_cir1497,https://doi.org/10.5066/p99onunm,Secondary
10.3133_cir1497,https://doi.org/10.5066/p9eucgjq,Secondary
10.3133_cir1497,https://doi.org/10.5066/p9fz4ojw,Secondary
10.3133_cir1497,https://doi.org/10.5066/p9gcdyt2,Secondary
10.3133_cir1497,https://doi.org/10.5066/p9h1s1pv,Secondary
10.3133_cir1497,https://doi.org/10.5066/p9hdxe32,Secondary
10.3133_cir1497,https://doi.org/10.5066/p9s5pvon,Secondary
10.3133_cir1497,https://doi.org/10.5066/p9vysweh,Secondary
10.3133_cir1497,https://doi.org/10.5066/p9xvjdnp,Secondary
10.3133_cir1497,https://doi.org/10.5066/p9z04lnk,Secondary
10.3133_fs20233046,https://doi.org/10.5066/p9ys1x7p,Primary
10.3133_ofr20201035,https://doi.org/10.5066/p9zudioh,Primary
10.3133_ofr20231026,https://doi.org/10.5066/f7dz0771,Secondary
10.3133_ofr20231026,https://doi.org/10.5066/p918e2p3,Secondary
10.3133_ofr20231026,https://doi.org/10.5066/p9irl3gv,Secondary
10.3133_ofr20231026,https://doi.org/10.5066/p9kehy2s,Primary
10.3133_ofr20231027,https://doi.org/10.5066/p9ooiq0e,Primary
10.3389_fcell.2020.618552,https://doi.org/10.5281/zenodo.4311472,Primary
10.3389_fcell.2020.618552,https://doi.org/10.5281/zenodo.4311473,Primary
10.3389_fchem.2019.00828,https://doi.org/10.5517/ccdc.csd.cc23xp91,Missing
10.3389_fcimb.2024.1292467,EPI_ISL_10271777,Secondary
10.3389_fcimb.2024.1292467,EPI_ISL_13295050,Secondary
10.3389_fcimb.2024.1292467,EPI_ISL_1626969,Secondary
10.3389_fcimb.2024.1292467,EPI_ISL_17371329,Secondary
10.3389_fcimb.2024.1292467,EPI_ISL_2340570,Secondary
10.3389_fcimb.2024.1292467,EPI_ISL_2340575,Secondary
10.3389_fcimb.2024.1292467,EPI_ISL_2340581,Secondary
10.3389_fcimb.2024.1292467,EPI_ISL_2340614,Secondary
10.3389_fcimb.2024.1292467,EPI_ISL_2340615,Secondary
10.3389_fcimb.2024.1292467,EPI_ISL_2340626,Secondary
10.3389_fcimb.2024.1292467,EPI_ISL_2340662,Secondary
10.3389_fcimb.2024.1292467,EPI_ISL_2365356,Secondary
10.3389_fcimb.2024.1292467,EPI_ISL_2402571,Secondary
10.3389_feart.2023.1205211,https://doi.org/10.5066/p9j10nh5,Primary
10.3389_fevo.2023.1112519,https://doi.org/10.1594/pangaea.941189,Primary
10.3389_fevo.2023.1112519,https://doi.org/10.1594/pangaea.941234,Primary
10.3389_fevo.2023.1112519,https://doi.org/10.1594/pangaea.941236,Primary
10.3389_fmicb.2024.1456637,NC_017643.1,Secondary
10.3389_fmicb.2024.1456637,SAMN07159041,Secondary
10.3389_fmicb.2024.1456637,SAMN07159044,Secondary
10.3389_fmicb.2024.1456637,SAMN07159045,Secondary
10.3389_fmicb.2024.1456637,SAMN08172567,Secondary
10.3389_fmicb.2024.1456637,SAMN08199278,Secondary
10.3389_fmicb.2024.1456637,SAMN09534374,Secondary
10.3389_fmicb.2024.1456637,SAMN12620691,Secondary
10.3389_fmicb.2024.1456637,SAMN12620692,Secondary
10.3389_fmicb.2024.1456637,SAMN12620693,Secondary
10.3389_fmicb.2024.1456637,SAMN12620694,Secondary
10.3389_fmicb.2024.1456637,SAMN12620697,Secondary
10.3389_fmicb.2024.1456637,SAMN12620700,Secondary
10.3389_fmicb.2024.1456637,SAMN12620701,Secondary
10.3389_fmicb.2024.1456637,SAMN12620702,Secondary
10.3389_fmicb.2024.1456637,SAMN12620703,Secondary
10.3389_fmicb.2024.1456637,SAMN12620704,Secondary
10.3389_fmicb.2024.1456637,SAMN17525956,Secondary
10.3389_fpls.2023.1160645,https://doi.org/10.4121/21864590,Primary
10.3390_cryst2031058,https://doi.org/10.5517/ccy3swp,Missing
10.3390_cryst9060301,https://doi.org/10.5517/ccdc.csd.cc228l10,Missing
10.3390_d13010019,https://doi.org/10.6073/pasta/eeb59ddf840c51b93c4bc7b765d4d59f,Primary
10.3390_ijms12117360,https://doi.org/10.5517/ccxg7xh,Missing
10.3390_ijms12117360,https://doi.org/10.5517/ccxg8l6,Missing
10.3390_inorganics7050058,https://doi.org/10.5517/ccdc.csd.cc21v3vw,Missing
10.3390_microorganisms8121872,CHEMBL1568820,Secondary
10.3390_microorganisms8121872,CHEMBL1652119,Secondary
10.3390_microorganisms8121872,CHEMBL198796,Secondary
10.3390_microorganisms8121872,CHEMBL243644,Secondary
10.3390_microorganisms8121872,CHEMBL2436978,Secondary
10.3390_microorganisms8121872,CHEMBL3109593,Secondary
10.3390_microorganisms8121872,CHEMBL3311228,Secondary
10.3390_microorganisms8121872,CHEMBL3752642,Secondary
10.3390_microorganisms8121872,CHEMBL3960662,Secondary
10.3390_microorganisms8121872,CHEMBL402487,Secondary
10.3390_microorganisms8121872,CHEMBL403,Secondary
10.3390_microorganisms8121872,CHEMBL4065616,Secondary
10.3390_microorganisms8121872,CHEMBL408500,Secondary
10.3390_microorganisms8121872,CHEMBL561,Secondary
10.3390_microorganisms8121872,CHEMBL64391,Secondary
10.3390_microorganisms8121872,CHEMBL76,Secondary
10.3390_molecules17077645,https://doi.org/10.5517/ccybrvv,Missing
10.3390_molecules191017026,https://doi.org/10.5517/ccdc.csd.cc1236t6,Missing
10.3390_molecules200917469,https://doi.org/10.5517/ccdc.csd.cc13nk6j,Missing
10.3390_molecules23123199,https://doi.org/10.5517/ccdc.csd.cc20q4fb,Missing
10.3390_molecules25010053,https://doi.org/10.5517/ccdc.csd.cc242c9x,Missing
10.3390_rs12121957,https://doi.org/10.1594/pangaea.917588,Secondary
10.3390_rs4102923,https://doi.org/10.1594/pangaea.775959,Secondary
10.3390_rs4102923,https://doi.org/10.1594/pangaea.779748,Secondary
10.3390_rs4102923,https://doi.org/10.1594/pangaea.780464,Secondary
10.3390_s19030479,https://doi.org/10.4231/r7rx991c,Secondary
10.3390_s23094491,https://doi.org/10.5281/zenodo.7871636,Primary
10.3390_s23177333,https://doi.org/10.5281/zenodo.8090619,Secondary
10.3390_v11060565,D10700,Secondary
10.3390_v11060565,EPI1018205,Secondary
10.3390_v11060565,EPI1018206,Secondary
10.3390_v11060565,EPI1018207,Secondary
10.3390_v11060565,EPI1018208,Secondary
10.3390_v11060565,EPI1018210,Secondary
10.3390_v11060565,EPI1018211,Secondary
10.3390_v11060565,EPI1019551,Secondary
10.3390_v11060565,EPI1019552,Secondary
10.3390_v11060565,EPI1019553,Secondary
10.3390_v11060565,EPI1019554,Secondary
10.3390_v11060565,EPI1019555,Secondary
10.3390_v11060565,EPI1019556,Secondary
10.3390_v11060565,EPI1019558,Secondary
10.3390_v11060565,EPI1104284,Secondary
10.3390_v11060565,EPI1104285,Secondary
10.3390_v11060565,EPI1104286,Secondary
10.3390_v11060565,EPI1104288,Secondary
10.3390_v11060565,EPI1183999,Secondary
10.3390_v11060565,EPI1184004,Secondary
10.3390_v11060565,EPI1184005,Secondary
10.3390_v11060565,EPI1184014,Secondary
10.3390_v11060565,EPI1387245,Primary
10.3390_v11060565,EPI954552,Secondary
10.3390_v11060565,EPI954553,Secondary
10.3390_v11060565,EPI954554,Secondary
10.3390_v11060565,EPI954555,Secondary
10.3390_v11060565,EPI954556,Secondary
10.3390_v11060565,EPI954557,Secondary
10.3390_v11060565,EPI954559,Secondary
10.3390_v11060565,KX000727,Secondary
10.3390_v11060565,KX000734,Secondary
10.3762_bjoc.8.42,https://doi.org/10.5517/ccdc.csd.ccy1n8w,Missing
10.3762_bjoc.9.92,https://doi.org/10.5517/ccz48ly,Missing
10.3847_1538-4357_aae92c,https://doi.org/10.26093/cds/vizier.18680124,Missing
10.3897_bdj.7.e47369,https://doi.org/10.15468/dl.klphmx,Missing
10.3897_jhr.96.111550,https://doi.org/10.15468/dl.4hgjbk,Primary
10.3897_jhr.96.111550,https://doi.org/10.15468/dl.x6cwjx,Primary
10.3897_neobiota.82.87455,https://doi.org/10.15468/dl.yjd4cg,Secondary
10.3897_neobiota.82.87455,https://doi.org/10.15468/dl.yu2xpv,Secondary
10.3897_zookeys.500.9360,https://doi.org/10.5061/dryad.dv44b,Primary
10.3897_zoologia.35.e23481,https://doi.org/10.6084/m9.figshare.7019921.v1,Missing
10.3897_zoologia.36.e32053,https://doi.org/10.6084/m9.figshare.8292443,Missing
10.4025_actasciagron.v40i1.39392,https://doi.org/10.6084/m9.figshare.7045658,Missing
10.5194_acp-2021-570,https://doi.org/10.22033/esgf/cmip6.10843,Secondary
10.5194_acp-2021-570,https://doi.org/10.22033/esgf/cmip6.1621,Secondary
10.5194_acp-22-2769-2022,https://doi.org/10.5067/suborbital/oracles/p3/2016_v2,Secondary
10.5194_acp-22-2769-2022,https://doi.org/10.5067/suborbital/oracles/p3/2017_v2,Secondary
10.5194_acp-22-2769-2022,https://doi.org/10.5067/suborbital/oracles/p3/2018_v2,Secondary
10.5194_acp-22-5701-2022,https://doi.org/10.6096/aeroclo.1754,Secondary
10.5194_acp-22-5701-2022,https://doi.org/10.6096/aeroclo.1774,Primary
10.5194_acp-22-5701-2022,https://doi.org/10.6096/aeroclo.1777,Secondary
10.5194_amt-15-3969-2022,https://doi.org/10.5067/modis/myd06_l2.006,Secondary
10.5194_essd-12-1287-2020,https://doi.org/10.17882/59867,Primary
10.5194_essd-12-1287-2020,https://doi.org/10.17882/70340,Primary
10.5194_essd-2019-206,https://doi.org/10.18434/m32126,Primary
10.5194_essd-2023-187,https://doi.org/10.17882/53389,Primary
10.5194_essd-2023-187,https://doi.org/10.17882/55741,Secondary
10.5194_essd-2023-198,https://doi.org/10.17882/94031,Primary
10.5194_essd-2023-198,https://doi.org/10.17882/94032,Primary
10.5194_essd-2023-198,https://doi.org/10.17882/94146,Primary
10.5194_essd-2023-198,https://doi.org/10.17882/94147,Primary
10.5194_essd-8-663-2016,https://doi.org/10.1594/pangaea.845258,Primary
10.5194_gmd-12-4221-2019,https://doi.org/10.6075/j0k35s05,Primary
10.5194_gmd-13-335-2020,https://doi.org/10.6073/pasta/fed17d67583eda16c439216ca40b0669,Primary
10.5194_se-13-1541-2022,https://doi.org/10.1594/pangaea.938422,Primary
10.5194_tc-17-3617-2023,https://doi.org/10.24381/cds.32b04ec5,Secondary
10.5194_tc-17-3617-2023,https://doi.org/10.24381/cds.6a6d1bc3,Secondary
10.5194_tc-17-3617-2023,https://doi.org/10.5067/modis/mod10a1f.061,Secondary
10.5937_bnhmb1811227u,https://doi.org/10.15468/dl.i71k4s,Secondary
10.5937_bnhmb1811227u,https://doi.org/10.15468/dl.ize4xx,Secondary
10.7554_eLife.63194,ERR2135448,Secondary
10.7554_eLife.63194,PF00078,Secondary
10.7554_eLife.63194,PF02170,Secondary
10.7554_eLife.63194,PF02171,Secondary
10.7554_eLife.63194,PF03368,Secondary
10.7554_eLife.63194,PF05183,Secondary
10.7554_eLife.63194,SRR2429147,Secondary
10.7554_eLife.63194,SRR2430028,Secondary
10.7554_eLife.63194,SRR2430030,Secondary
10.7554_eLife.63194,SRR7962068,Secondary
10.7554_eLife.72626,CHEMBL3347550,Primary
10.7554_eLife.72626,CHEMBL3347551,Primary
10.7554_eLife.72626,CHEMBL3733336,Primary
10.7554_eLife.72626,CVCL_1379,Primary
10.7554_eLife.72626,MODEL2106070001,Primary
10.7554_elife.29944,https://doi.org/10.5061/dryad.8153g,Primary
10.7554_elife.42722,https://doi.org/10.5061/dryad.d0779mb,Primary
10.7554_elife.62329,https://doi.org/10.5061/dryad.12jm63xwd,Primary
10.7554_elife.63455,https://doi.org/10.5061/dryad.37pvmcvj9,Primary
10.7554_elife.63455,https://doi.org/10.5061/dryad.qnk98sffp,Primary
10.7554_elife.73695,https://doi.org/10.5061/dryad.6h5b7,Primary
10.7554_elife.73695,https://doi.org/10.5061/dryad.p5hqbzkqf,Primary
10.7554_elife.73695,https://doi.org/10.5441/001/1.3q2131q5,Primary
10.7554_elife.74937,https://doi.org/10.5281/zenodo.6335347,Primary
10.7717_peerj.10452,PRJNA664798,Secondary
10.7717_peerj.10452,SAMN16233641,Primary
10.7717_peerj.10452,SAMN16233642,Primary
10.7717_peerj.10452,SAMN16233643,Primary
10.7717_peerj.10452,SAMN16233644,Primary
10.7717_peerj.10452,SAMN16233645,Primary
10.7717_peerj.10452,SAMN16233646,Primary
10.7717_peerj.10452,SAMN16233647,Primary
10.7717_peerj.10452,SAMN16233648,Primary
10.7717_peerj.10452,SAMN16233649,Primary
10.7717_peerj.10452,SAMN16233650,Primary
10.7717_peerj.10452,SAMN16233651,Primary
10.7717_peerj.10452,SAMN16233652,Primary
10.7717_peerj.10452,SAMN16233653,Primary
10.7717_peerj.10452,SAMN16233654,Primary
10.7717_peerj.10452,SAMN16233655,Primary
10.7717_peerj.10452,SAMN16233656,Primary
10.7717_peerj.10452,SAMN16233657,Primary
10.7717_peerj.10452,SAMN16233658,Primary
10.7717_peerj.10452,SAMN16233659,Primary
10.7717_peerj.10452,SAMN16233660,Primary
10.7717_peerj.10452,SAMN16233661,Primary
10.7717_peerj.10452,SAMN16233662,Primary
10.7717_peerj.10452,SAMN16233663,Primary
10.7717_peerj.10452,SAMN16233664,Primary
10.7717_peerj.11352,https://doi.org/10.7291/d11m38,Primary
10.7717_peerj.12422,https://doi.org/10.15468/dl.czyyq2,Secondary
10.7717_peerj.12422,https://doi.org/10.15468/dl.j4fe7k,Secondary
10.7717_peerj.12422,https://doi.org/10.15468/dl.k6jv69,Secondary
10.7717_peerj.12422,https://doi.org/10.15468/dl.t3h8b4,Secondary
10.7717_peerj.12422,https://doi.org/10.15468/dl.yak5vd,Secondary
10.7717_peerj.13193,https://doi.org/10.6073/pasta/02e2764efb408a8b66b7f486eac14dc0,Secondary
10.7717_peerj.13193,https://doi.org/10.6073/pasta/275ad28a2f31356cf9c2648531a16a2b,Secondary
10.7717_peerj.13193,https://doi.org/10.6073/pasta/b23deb8e1ccf1c1413382bf911c6be19,Primary
